FPT	ep pt
FPT	ép pê tê
FPT	ép pờ tê
FPT	ép pi ti
FPT	fpt
VNPT	vi en pi ti
VNPT	vê en pê tê
VNPT	vnpt
VTV	vê tê vê
VTV	vtv
VTC	vê tê xê
VTC	vtc
AI	ây ai
API	ây pi ai
API	api
CPU	xi pi iu
CPU	cpu
GPU	gi pi iu
GPU	gpu
USB	iu ét bi
USB	usb
FPT	ep p t
Vingroup	vingroup
Vingroup	vin group
Vingroup	vin gờ rúp
Vingroup	vin grúp
Vincom	vincom
Vincom	vin com
Vincom	vin côm
Vincom Retail	vincom retail
Vincom Retail	vin com ri tây
VinFast	vinfast
VinFast	vin fast
VinFast	vin phát
Vinhomes	vinhomes
Vinhomes	vin homes
Vinhomes	vin hôms
Vinhomes	vin hôm
Vinpearl	vinpearl
Vinpearl	vin pearl
Vinpearl	vin pơ
Vinpearl	vin pờ
Vinmec	vinmec
Vinmec	vin mec
Vinmec	vin méc
Vinschool	vinschool
Vinschool	vin school
Vinschool	vin sờ cun
Vinschool	vin scu
VinUni	vinuni
VinUni	vin uni
VinUni	vin u ni
VinBus	vinbus
VinBus	vin bus
VinBus	vin bớt
VinAI	vinai
VinAI	vin ai
VinAI	vin ây ai
VinBigdata	vinbigdata
VinBigdata	vin big data
VinBigdata	vin bích đây ta
VinRobotics	vinrobotics
VinRobotics	vin robotics
VinRobotics	vin rô bô tích
VinRobotics	vin rô bót tích
VinMotion	vinmotion
VinMotion	vin motion
VinMotion	vin mô sần
VinDynamics	vindynamics
VinDynamics	vin dynamics
VinDynamics	vin đai na mích
VinDynamics	vin đai na mích sờ
VinDynamics	vin đai nam ích
Dynamics	dynamics
Dynamics	đai na mích
Dynamics	đai na mích sờ
VinWonders	vinwonders
VinWonders	vin wonders
VinWonders	vin oăn đờ
VinMetal	vinmetal
VinMetal	vin metal
VinMetal	vin me tồ
V-Green	v-green
V-Green	v green
V-Green	vi grin
V-Green	vê grin
WinMart	winmart
WinMart	win mart
WinMart	win mát
WinMart	uyn mát
Samsung	samsung
Samsung	sam sung
Shopee	shopee
Shopee	shốp pi
Shopee	sóp pi
Lazada	lazada
Lazada	la za đa
Lazada	la da đa
TikTok	tiktok
TikTok	tik tok
TikTok	tích tóc
Zalo	zalo
Zalo	za lô
Zalo	da lô
ZaloPay	zalopay
ZaloPay	za lô pây
MoMo	momo
MoMo	mô mô
VNPAY	vnpay
VNPAY	vi en pây
VNPAY	vê en pây
Grab	grab
Grab	gờ ráp
Starbucks	starbucks
Starbucks	star bucks
Starbucks	sờ ta bấc
Starbucks	sta bấc
Highlands Coffee	highlands coffee
Highlands Coffee	hai lừn cà phê
Highlands Coffee	hai lừn có phi
The Coffee House	the coffee house
The Coffee House	dờ có phi hao
The Coffee House	dờ cà phê hao
KFC	kfc
KFC	kây ép xi
KFC	ca ép xê
McDonald's	mcdonald's
McDonald's	mcdonalds
McDonald's	mắc đô nồ
McDonald's	mắc đô nan
Jollibee	jollibee
Jollibee	giô li bi
Jollibee	giô li bì
LOTTE	lotte
LOTTE	lốt tê
LOTTE	lót te
AEON	aeon
AEON	a e on
AEON	i on
UNIQLO	uniqlo
UNIQLO	u ni clô
UNIQLO	u ni cô lô
Circle K	circle k
Circle K	sơ cồ kây
Circle K	xơ cồ cây
GS25	gs25
GS25	gi ét hai lăm
GS25	gi ét hai mươi lăm
FamilyMart	familymart
FamilyMart	family mart
FamilyMart	pha mi li mát
7-Eleven	7 eleven
7-Eleven	seven eleven
7-Eleven	se vần i le vần
Techcombank	techcombank
Techcombank	tech com bank
Techcombank	téc com banh
Techcombank	tếch com banh
VPBank	vpbank
VPBank	vi pi banh
VPBank	vê pê banh
TPBank	tpbank
TPBank	ti pi banh
TPBank	tê pê banh
VinSpace	vinspace
VinSpace	vin space
VinSpace	vin sờ pây
VinSpace	vin spây
VinEnergo	vinenergo
VinEnergo	vin energo
VinEnergo	vin e ner go
VinEnergo	vin e nơ gô
VinSpeed	vinspeed
VinSpeed	vin speed
VinSpeed	vin sờ pít
VinSpeed	vin spít
VinNewHorizon	vinnewhorizon
VinNewHorizon	vin new horizon
VinNewHorizon	vin niu hơ rai dần
VinClub	vinclub
VinClub	vin club
VinClub	vin cờ lắp
VinClub	vin cờ lấp
VinBase	vinbase
VinBase	vin base
VinBase	vin bây sờ
VinBase	vin bê sờ
ViGPT	vigpt
ViGPT	vi gpt
ViGPT	vi gi pi ti
ViGPT	vi gi pê tê
ViChat	vichat
ViChat	vi chat
ViChat	vi chát
ViVoice	vivoice
ViVoice	vi voice
ViVoice	vi voi sờ
ViVi	vivi
Vizone	vizone
Vizone	vi zone
Vizone	vi dôn
ViFi	vifi
VinFast	vin phét
VinFast	vin phất
Vingroup	vin gờ rúp pờ
VinDynamics	vin đai na mít
VinDynamics	vin đai na mích x
VinDynamics	vin đai na mic
VinMotion	vin mô shần
VinRobotics	vin rô bót tíc
VinMetal	vin mét tồ
VinWonders	vin oăn đờ sờ
Vincom Mega Mall	vincom mega mall
Vincom Mega Mall	vin com mega mall
Vincom Mega Mall	vin com mê ga môn
Vincom Plaza	vincom plaza
Vincom Plaza	vin com plaza
Vincom Plaza	vin com pla da
Minio Green	minio green
Minio Green	mi ni ô grin
Herio Green	herio green
Herio Green	he ri ô grin
Nerio Green	nerio green
Nerio Green	ne ri ô grin
Limo Green	limo green
Limo Green	li mô grin
EC Van	ec van
EC Van	e c van
EC Van	i xi van
VF MPV 7	vf mpv 7
VF MPV 7	vê ép em pê vê bảy
VF MPV 7	vi ép em pi vi bảy
VF 2	vf 2
VF 2	vf2
VF 2	vf hai
VF 2	vê ép hai
VF 2	vi ép hai
VF 2	vi ép two
VF 3	vf 3
VF 3	vf3
VF 3	vf ba
VF 3	vê ép ba
VF 3	vi ép ba
VF 3	vi ép three
VF 5	vf 5
VF 5	vf5
VF 5	vf năm
VF 5	vê ép năm
VF 5	vi ép năm
VF 5	vi ép five
VF 6	vf 6
VF 6	vf6
VF 6	vf sáu
VF 6	vê ép sáu
VF 6	vi ép sáu
VF 6	vi ép six
VF 7	vf 7
VF 7	vf7
VF 7	vf bảy
VF 7	vê ép bảy
VF 7	vi ép bảy
VF 7	vi ép seven
VF 8	vf 8
VF 8	vf8
VF 8	vf tám
VF 8	vê ép tám
VF 8	vi ép tám
VF 8	vi ép eight
VF 9	vf 9
VF 9	vf9
VF 9	vf chín
VF 9	vê ép chín
VF 9	vi ép chín
VF 9	vi ép nine
VinSmart Future	vinsmart future
VinSmart Future	vinsmartfuture
VinSmart Future	vinsmartfutre
VinSmart Future	vin smart future
VinSmart Future	vin sờ mát phiu chờ
VinSmart Future	vin sờ mát fiu chờ
VinSmart Future	vin smát phiu chơ
VSF	vsf
VSF	vê ét ép
VSF	vi ét ép
Duhat	duhat
Duhat	du hat
Duhat	du hát
Duhat	du hắt
V-App	v-app
V-App	v app
V-App	vapp
V-App	vi app
V-App	vê app
V-App	vi áp
V-App	vê áp
VPoint	vpoint
VPoint	v point
VPoint	vi point
VPoint	vi poi
VPoint	vê poi
